[Header],,,,,,,
IEMFileVersion,4,,,,,,
Investigator Name,Locus:::Uncle_Jesse - 612 - MiSeq,,,,,,
Project Name,MLPAseq EX2251 1xPCR control,,,,,,
Experiment Name,RU3284:::/locus/data/run_data//3270/3284,,,,,,
Date,2014 02/10/14 16:01:34,,,,,,
Workflow,GenerateFASTQ,,,,,,
Application,FASTQ Only,,,,,,
Assay,TruSeq LT,,,,,,
Description,None,,,,,,
Chemistry,Default,,,,,,
[Reads],,,,,,,
50,,,,,,,
,,,,,,,
[Settings],,,,,,,
,,,,,,,
[Data],,,,,,,
Sample_ID,Sample_Name,Sample_Plate,Sample_Well,I7_Index_ID,index,Sample_Project,Description
XL2606-XE10365-LS637-SQ26-RE1051-na,XL2606-XE10365-LS637-SQ26-RE1051-na,RE1051,A01,Illumina A002 - Agilent #2,CGATGT,XL2606,
XL2606-XE10364-LS627-SQ25-RE1051-na,XL2606-XE10364-LS627-SQ25-RE1051-na,RE1051,A01,Illumina A001 - Agilent #1,ATCACG,XL2606,
XL2606-XE10366-LS1699-SQ27-RE1051-na,XL2606-XE10366-LS1699-SQ27-RE1051-na,RE1051,A01,Illumina A003 - Agilent #3,TTAGGC,XL2606,
XL2606-XE10367-LS1464-SQ28-RE1051-na,XL2606-XE10367-LS1464-SQ28-RE1051-na,RE1051,A01,Illumina A004 - Agilent #4,TGACCA,XL2606,
